latitude,longitude,confidence
25.07527,-100.03545,n
25.39015,-100.33739,n
25.38956,-100.33337,n
25.38898,-100.32938,n
25.38841,-100.32552,n
25.41313,-100.51723,n
25.39939,-100.42343,n
25.38564,-100.33002,n
25.38507,-100.32616,n
25.41256,-100.51333,n
25.39884,-100.41969,n
25.39828,-100.41594,n
25.38623,-100.33403,n
25.41032,-100.52141,n
25.40975,-100.51754,n
25.39603,-100.42381,n
25.37035,-100.25003,n
25.40918,-100.51367,n
25.39547,-100.42007,n
25.39491,-100.41633,n
25.38233,-100.33088,n
25.37092,-100.25391,n
25.36977,-100.24617,n
25.4088,-100.52031,n
25.40823,-100.51645,n
25.36897,-100.25306,n
25.36839,-100.24921,n
25.36782,-100.24535,n
25.36725,-100.24153,n
25.40937,-100.52418,n
25.40372,-100.48591,n
25.36667,-100.2377,n
25.40711,-100.53222,n
25.40654,-100.52832,n
25.36962,-100.28033,n
25.36904,-100.27647,n
25.36618,-100.25733,n
25.36333,-100.23826,n
25.40596,-100.52444,n
25.3876,-100.40065,n
25.36561,-100.25352,n
25.36504,-100.24969,n
25.36447,-100.24588,n
25.3639,-100.24207,n
25.36567,-100.27685,n
25.36395,-100.26534,n
25.36338,-100.26154,n
25.35998,-100.23876,n
25.3594,-100.23489,n
25.40259,-100.52492,n
25.36058,-100.26573,n
25.35662,-100.23921,n
25.35604,-100.23537,n
25.39134,-100.47202,n
25.36172,-100.27342,n
25.36115,-100.26955,n
25.35839,-100.27399,n
25.35325,-100.23964,n
25.35898,-100.27793,n
25.35721,-100.26617,n
25.35383,-100.24347,n
25.31694,-99.99834,n
25.35046,-100.24387,n
25.34987,-100.23998,n
25.3471,-100.24429,n
25.3465,-100.24036,n
25.34375,-100.24483,n
25.34434,-100.24876,n
25.34316,-100.24088,n
25.34161,-100.25336,n
25.34102,-100.2494,n
25.34042,-100.24543,n
25.33983,-100.24149,n
25.33769,-100.25006,n
25.33709,-100.24606,n
25.33404,-100.31733,n
25.32899,-100.3064,n
25.33073,-100.31813,n
25.33016,-100.31427,n
25.32958,-100.31037,n
25.3354,-100.37259,n
25.33145,-100.36901,n
25.32754,-100.36576,n
25.09653,-99.97331,n
25.09595,-99.96946,n
25.09539,-99.96577,n
25.09382,-99.97784,n
25.0932,-99.97384,n
25.0926,-99.96992,n
25.09205,-99.96624,n
25.09149,-99.96255,n
25.09093,-99.95883,n
25.08759,-99.95934,n
25.09342,-99.99764,n
25.09048,-99.97836,n
25.08704,-99.95565,n
25.08371,-99.95618,n
25.09252,-100.03677,n
25.09195,-100.03301,n
25.09138,-100.02925,n
25.09081,-100.02549,n
25.08037,-99.9567,n
25.09025,-100.02175,n
25.08968,-100.01801,n
25.08918,-100.03724,n
25.08861,-100.03346,n
25.07704,-99.95722,n
25.08584,-100.0377,n
25.07315,-99.95402,n
25.08526,-100.03391,n
25.07371,-99.95775,n
25.08249,-100.03814,n
25.07039,-99.95831,n
25.07915,-100.03863,n
25.06881,-99.97037,n
25.06823,-99.96655,n
25.06766,-99.96275,n
25.06709,-99.95901,n
25.07859,-100.03487,n
25.06939,-99.97417,n
25.06436,-99.96348,n
25.07584,-100.03923,n
25.07253,-100.03989,n
25.07195,-100.03606,n
25.07137,-100.03222,n
25.0691,-100.01727,n
25.06864,-100.03671,n
25.0698,-100.04439,n
25.06806,-100.03287,n
25.06533,-100.03735,n
25.06591,-100.04118,n
25.06475,-100.03355,n
25.06202,-100.038,n
25.06144,-100.0342,n
25.06087,-100.03043,n
25.05756,-100.03109,n
25.05196,-100.01659,n
25.01159,-100.21918,n
24.9999,-100.20959,n
24.73431,-99.7752,n
24.73374,-99.77146,n
24.73488,-99.77894,n
24.73156,-99.77946,n
24.72982,-99.76817,n
24.72825,-99.78004,n
24.72649,-99.76863,n
24.72532,-99.76104,n
24.7259,-99.76482,n
24.72257,-99.7653,n
24.722,-99.76153,n
24.72143,-99.75784,n
24.72554,-99.7845,n
24.72494,-99.78063,n
24.72087,-99.75416,n
24.72395,-99.79631,n
24.71812,-99.7584,n
24.71755,-99.75473,n
24.72338,-99.79261,n
24.7212,-99.80052,n
24.72063,-99.79684,n
24.71481,-99.75898,n
24.72006,-99.79314,n
24.71788,-99.80104,n
24.7115,-99.75954,n
24.71207,-99.76325,n
24.70877,-99.76385,n
24.71513,-99.80527,n
24.70819,-99.76011,n
24.70546,-99.76446,n
24.71182,-99.80583,n
24.70605,-99.7683,n
24.70335,-99.77283,n
24.70275,-99.76896,n
24.70852,-99.80645,n
24.70794,-99.80273,n
24.70511,-99.78432,n
24.70453,-99.78056,n
24.70216,-99.76511,n
24.70464,-99.80334,n
24.70408,-99.79967,n
24.70238,-99.78867,n
24.70005,-99.77352,n
24.70522,-99.80711,n
24.70181,-99.78494,n
24.70065,-99.7774,n
24.70021,-99.79667,n
24.69965,-99.79298,n
24.69908,-99.78929,n
24.67236,-99.77927,n
24.67686,-99.77557,n
24.67606,-99.77996,n
24.70302,-99.75784,n
24.70218,-99.76247,n
24.70117,-99.76807,n
24.70007,-99.77417,n
24.70045,-99.79324,n
24.71101,-99.75587,n
24.71031,-99.75975,n
24.70275,-99.80169,n
24.70189,-99.80645,n
24.70655,-99.80184,n
24.71836,-99.75746,n
24.72201,-99.75839,n
24.7132,-99.80737,n
24.7256,-99.75968,n
24.72486,-99.76381,n
24.71757,-99.80437,n
24.98947,-100.21246,n
25.06246,-99.96505,n
25.05298,-100.01668,n
25.01647,-100.21423,n
25.06803,-99.9557,n
25.0663,-99.9651,n
25.07254,-99.95201,n
25.07178,-99.95618,n
25.05875,-100.02723,n
25.07616,-99.95317,n
25.06167,-100.03235,n
25.0608,-100.03709,n
25.05985,-100.04225,n
25.0798,-99.95426,n
25.06868,-100.01507,n
25.06362,-100.04269,n
25.08347,-99.95519,n
25.06737,-100.0433,n
25.0908,-99.95711,n
25.09444,-99.95819,n
25.09369,-99.9623,n
25.09662,-99.96734,n
25.09584,-99.97161,n
25.09941,-99.97311,n
25.09114,-100.03972,n
25.05124,-100.25793,n
25.05494,-100.25906,n
25.3128,-99.68517,n
25.31794,-100.26604,n
25.32164,-100.26707,n
25.33823,-100.23955,n
25.33728,-100.24482,n
25.32696,-100.30205,n
25.32598,-100.30753,n
25.341,-100.2457,n
25.32984,-100.30766,n
25.32884,-100.31321,n
25.32,-100.36223,n
25.31912,-100.3671,n
25.33875,-100.2375,n
25.3378,-100.2426,n
25.32621,-100.30505,n
25.34248,-100.2383,n
25.32903,-100.31078,n
25.31895,-100.36497,n
25.34701,-100.23476,n
25.34615,-100.2394,n
25.33191,-100.31625,n
25.33095,-100.32143,n
25.32289,-100.36483,n
25.35137,-100.23209,n
25.33489,-100.3212,n
25.3268,-100.36479,n
25.35582,-100.22894,n
25.35494,-100.2337,n
25.33062,-100.36523,n
25.32971,-100.37012,n
25.35949,-100.23006,n
25.36876,-100.2429,n
25.3679,-100.24756,n
25.363,-100.27423,n
25.3666,-100.27578,n
25.37204,-100.30965,n
25.4075,-100.51855,n
25.40668,-100.52299,n
25.40583,-100.52753,n
25.4128,-100.51118,n
25.41026,-100.52479,n
25.40944,-100.52922,n
25.41656,-100.51206,n
25.41564,-100.51701,n
25.00253,-100.20477,n
25.00161,-100.20988,n
25.0148,-100.20135,n
25.01113,-100.22178,n
25.06136,-99.96306,n
25.05212,-100.01479,n
25.01856,-100.20203,n
25.01575,-100.21772,n
